monument,monumentLabel,monumentDescription,type,typeLabel,typeDescription,gps_coords,locationLabel,localidadeLabel,image
http://www.wikidata.org/entity/Q304257,Praia de Quiaios,,,,,Point(-8.8914 40.218),,,http://commons.wikimedia.org/wiki/Special:FilePath/Praia%20de%20Quiaios.jpg
http://www.wikidata.org/entity/Q612184,Praia das Maçãs,"praia em Colares, Portugal",,,,Point(-9.47 38.825),,Colares,http://commons.wikimedia.org/wiki/Special:FilePath/Praia%20das%20Ma%C3%A7%C3%A3s%20%2822844143166%29.jpg
http://www.wikidata.org/entity/Q3332363,Praia da Vieira,"praia no concelho da Marinha Grande, Portugal",,,,Point(-8.96969 39.88273),,Marinha Grande,
http://www.wikidata.org/entity/Q2895643,Praia de Benagil,"praia em Lagoa, no Algarve, Portugal",,,,Point(-8.42583 37.0875),,,http://commons.wikimedia.org/wiki/Special:FilePath/02-05-2017%20Praia%20de%20Benagil%20%282%29.JPG
http://www.wikidata.org/entity/Q3695282,Costa Nova do Prado,,,,,Point(-8.75056667 40.61476667),,Ílhavo,http://commons.wikimedia.org/wiki/Special:FilePath/011293%20-%20Costa%20Nova%20do%20Prado%20%2821171782496%29.jpg
http://www.wikidata.org/entity/Q4694713,Praia da Aguçadoura,,,,,Point(-8.78403 41.43369),,,
http://www.wikidata.org/entity/Q4709424,Praia de Albarquel,"praia na Serra da Arrábida, Setúbal, Portugal",,,,Point(-8.915 38.51111111),Serra da Arrábida,Setúbal,http://commons.wikimedia.org/wiki/Special:FilePath/Arr%C3%A1bida.JPG
http://www.wikidata.org/entity/Q4709424,Praia de Albarquel,"praia na Serra da Arrábida, Setúbal, Portugal",,,,Point(-8.915 38.51111111),Serra da Arrábida,Setúbal,http://commons.wikimedia.org/wiki/Special:FilePath/Praia%20de%20Albarquel%2C%20Set%C3%BAbal%2C%20Portugal.jpg
http://www.wikidata.org/entity/Q1454473,Praia da Vinha da Areia,"praia na ilha de São Miguel, Açores, Portugal",,,,Point(-25.425475 37.71684722),,Açores,http://commons.wikimedia.org/wiki/Special:FilePath/Praia%20da%20Vinha%20da%20Areia%2C%20Vila%20Franca%20do%20Campo%2C%20ilha%20de%20S%C3%A3o%20Miguel%2C%20A%C3%A7ores.JPG
http://www.wikidata.org/entity/Q1566473,Praia da Areia Branca,"praia no concelho da Lourinhã, Portugal",,,,Point(-9.33614731 39.26681603),,Lourinhã,
http://www.wikidata.org/entity/Q1626861,Praia da Marinha,"praia no concelho de Lagoa, Algarve, Portugal",,,,Point(-8.41202 37.0897),,Lagoa,http://commons.wikimedia.org/wiki/Special:FilePath/Praia%20da%20Marinha%20%282012-09-27%29%2C%20by%20Klugschnacker%20in%20Wikipedia%20%2886%29.JPG
http://www.wikidata.org/entity/Q1728528,Praia da Alagoa,,,,,Point(-7.50017222 37.16895278),,,
http://www.wikidata.org/entity/Q1752037,Praia da Rocha,"praia no concelho de Portimão, no Algarve, Portugal",,,,Point(-8.53333333 37.11666667),,Portimão,http://commons.wikimedia.org/wiki/Special:FilePath/Praia%20da%20Rocha%20-%20Portugal%20%2811747902275%29.jpg
http://www.wikidata.org/entity/Q2107535,Praia de Albandeira,"praia da região do Algarve, em Portugal",,,,Point(-8.400075 37.09090833),,,http://commons.wikimedia.org/wiki/Special:FilePath/Praia%20da%20Albandeira-CTH.JPG
http://www.wikidata.org/entity/Q2107541,Praia da Falésia,"praia em Albufeira, Portugal",,,,Point(-8.17 37.08666667),,Albufeira,http://commons.wikimedia.org/wiki/Special:FilePath/Falesia%20Beach%20seen%20from%20sea.JPG
http://www.wikidata.org/entity/Q2107546,Praia de Ofir,praia em Portugal,,,,Point(-8.78758889 41.51708889),,Esposende,http://commons.wikimedia.org/wiki/Special:FilePath/Praia%20de%20Ofir%20%2836059861384%29.jpg
http://www.wikidata.org/entity/Q2107546,Praia de Ofir,praia em Portugal,,,,Point(-8.78758889 41.51708889),,Fão,http://commons.wikimedia.org/wiki/Special:FilePath/Praia%20de%20Ofir%20%2836059861384%29.jpg
http://www.wikidata.org/entity/Q2107562,Praia do Guincho,"praia em Cascais, Portugal",,,,Point(-9.472696 38.733149),,Alcabideche,http://commons.wikimedia.org/wiki/Special:FilePath/Guincho%20June%202013-4.jpg
http://www.wikidata.org/entity/Q10352674,Praia da Terra Estreita,"praia na Ilha de Tavira, Algarve, Portugal",,,,Point(-7.64084 37.09791),,Tavira,http://commons.wikimedia.org/wiki/Special:FilePath/Litoral%20entre%20a%20Praia%20do%20Barril%20e%20a%20Praia%20da%20Terra%20Estreita%20ou%20de%20Santa%20Luzia%20-%20Portugal%20%2816937549580%29.jpg
http://www.wikidata.org/entity/Q10352678,Praia da Ursa,"praia em Sintra, Portugal",,,,Point(-9.492404 38.790152),,Colares,http://commons.wikimedia.org/wiki/Special:FilePath/Praia%20da%20Ursa%20-%20Parque%20Natural%20Sintra-Cascais.jpg
http://www.wikidata.org/entity/Q10352709,Praia das Quatro Águas,"praia na Ilha de Tavira, Algarve, Portugal",,,,Point(-7.627638888 37.106138888),,Tavira,
http://www.wikidata.org/entity/Q10352748,Praia de Cacela Velha,,,,,Point(-7.54233 37.15299),,,http://commons.wikimedia.org/wiki/Special:FilePath/Cacela%20Velha%2C%20Ria%20Formosa%2C%20Algarve%20%286045750864%29.jpg
http://www.wikidata.org/entity/Q10352764,Praia de Carcavelos,praia em Cascais,,,,Point(-9.33416 38.67838),,Carcavelos e Parede,http://commons.wikimedia.org/wiki/Special:FilePath/Praia%20de%20Carcavelos.jpg
http://www.wikidata.org/entity/Q10352768,Praia de Carvoeiro,,,,,Point(-8.47206 37.09608),,Carvoeiro,http://commons.wikimedia.org/wiki/Special:FilePath/Carvoeiro%20Algarve%20Portugal%20February%202915%204163%20-%20panoramio.jpg
http://www.wikidata.org/entity/Q10352770,Praia de Cepães,,,,,Point(-8.79369 41.55435),,Esposende,
http://www.wikidata.org/entity/Q10283308,Praia da Fonte da Telha,"Praia em Almada e Sesimbra, Portugal",,,,Point(-9.196194444 38.570972222),,Setúbal,http://commons.wikimedia.org/wiki/Special:FilePath/Praia%20da%20Fonte%20da%20Telha.jpg
http://www.wikidata.org/entity/Q10283308,Praia da Fonte da Telha,"Praia em Almada e Sesimbra, Portugal",,,,Point(-9.196944444 38.573333333),,Setúbal,http://commons.wikimedia.org/wiki/Special:FilePath/Praia%20da%20Fonte%20da%20Telha.jpg
http://www.wikidata.org/entity/Q10283308,Praia da Fonte da Telha,"Praia em Almada e Sesimbra, Portugal",,,,Point(-9.196194444 38.570972222),,Almada,http://commons.wikimedia.org/wiki/Special:FilePath/Praia%20da%20Fonte%20da%20Telha.jpg
http://www.wikidata.org/entity/Q10283308,Praia da Fonte da Telha,"Praia em Almada e Sesimbra, Portugal",,,,Point(-9.196944444 38.573333333),,Almada,http://commons.wikimedia.org/wiki/Special:FilePath/Praia%20da%20Fonte%20da%20Telha.jpg
http://www.wikidata.org/entity/Q10283308,Praia da Fonte da Telha,"Praia em Almada e Sesimbra, Portugal",,,,Point(-9.196194444 38.570972222),,Sesimbra,http://commons.wikimedia.org/wiki/Special:FilePath/Praia%20da%20Fonte%20da%20Telha.jpg
http://www.wikidata.org/entity/Q10283308,Praia da Fonte da Telha,"Praia em Almada e Sesimbra, Portugal",,,,Point(-9.196944444 38.573333333),,Sesimbra,http://commons.wikimedia.org/wiki/Special:FilePath/Praia%20da%20Fonte%20da%20Telha.jpg
http://www.wikidata.org/entity/Q10352381,Praia Atlântica,,,,,Point(-8.862438 38.452353),Soltroia,Carvalhal,http://commons.wikimedia.org/wiki/Special:FilePath/Praia%20atlantica%20soltroia.JPG
http://www.wikidata.org/entity/Q10352416,Praia Fluvial da Froia,praia fluvial em Fróia,,,,Point(-7.83777778 39.78888889),,Sobreira Formosa,http://commons.wikimedia.org/wiki/Special:FilePath/Praia%20fluvial%20de%20Fr%C3%B3ia%20-%20Portugal%20%28134745062%29.jpg
http://www.wikidata.org/entity/Q10352428,Praia Formosa,"praia em São Martinho, Funchal, na ilha da Madeira",,,,Point(-16.95275 32.6405),Madeira,São Martinho,http://commons.wikimedia.org/wiki/Special:FilePath/Praia%20Formosa%20-%20Black%20Pebble%20Beach%20in%20February%20Sunshine%20%2832823123041%29.jpg
http://www.wikidata.org/entity/Q10352439,Praia Grande,"praia em Colares, no município de Sintra, Portugal",,,,Point(-9.4786 38.8145),,Sintra,http://commons.wikimedia.org/wiki/Special:FilePath/Praia%20grande.jpg
http://www.wikidata.org/entity/Q10352479,Praia Pequena,"praia em Colares, no município de Sintra",,,,Point(-9.47686 38.81689),,Colares,http://commons.wikimedia.org/wiki/Special:FilePath/Praia%20Pequena%20-%20Portugal%20%288705796122%29.jpg
http://www.wikidata.org/entity/Q10352522,Praia Verde (Castro Marim),,,,,Point(-7.48 37.173611111),,,http://commons.wikimedia.org/wiki/Special:FilePath/Praiaverde2.JPG
http://www.wikidata.org/entity/Q10352531,Praia da Aberta Nova,,,,,Point(-8.78154 38.17778),,,
http://www.wikidata.org/entity/Q10352535,Praia da Apúlia,Praia em Esposende Portugal.,,,,Point(-8.77810556 41.48355556),,Braga,http://commons.wikimedia.org/wiki/Special:FilePath/Praia%20Ap%C3%BAlia%20Norte.jpg
http://www.wikidata.org/entity/Q10352535,Praia da Apúlia,Praia em Esposende Portugal.,,,,Point(-8.77810556 41.48355556),,Esposende,http://commons.wikimedia.org/wiki/Special:FilePath/Praia%20Ap%C3%BAlia%20Norte.jpg
http://www.wikidata.org/entity/Q10352535,Praia da Apúlia,Praia em Esposende Portugal.,,,,Point(-8.77810556 41.48355556),,Apúlia,http://commons.wikimedia.org/wiki/Special:FilePath/Praia%20Ap%C3%BAlia%20Norte.jpg
http://www.wikidata.org/entity/Q10352544,Praia da Balaia,,,,,Point(-8.21069 37.0881),,,http://commons.wikimedia.org/wiki/Special:FilePath/2018-01-11%20Praia%20da%20Balaia%20%28Leste%29%2C%20Portugal%20%283%29.JPG
http://www.wikidata.org/entity/Q10352554,Praia da Barra,praia na Gafanha da Nazaré,,,,Point(-8.74888889 40.64222222),,Gafanha da Nazaré,http://commons.wikimedia.org/wiki/Special:FilePath/Portugal%20no%20m%C3%AAs%20de%20Julho%20de%20Dois%20Mil%20e%20Catorze%20P7171157%20%2814747820505%29.jpg
http://www.wikidata.org/entity/Q10352562,Praia da Barranha,,,,,Point(-8.77956 41.44443),,,http://commons.wikimedia.org/wiki/Special:FilePath/Praia-barranha.JPG
http://www.wikidata.org/entity/Q10352568,Praia da Bordeira,,,,,Point(-8.900277777 37.200277777),,Faro,http://commons.wikimedia.org/wiki/Special:FilePath/Bordeira%2C%208670%2C%20Portugal%20-%20panoramio.jpg
http://www.wikidata.org/entity/Q10352574,Praia da Calheta,"praia na Calheta, Madeira, Portugal",,,,Point(-17.17444444 32.71888889),,Calheta,http://commons.wikimedia.org/wiki/Special:FilePath/Madeira%20Beach%20%28163610932%29.jpg
http://www.wikidata.org/entity/Q10352581,Praia da Consolação,,,,,Point(-9.35985 39.32717),,,
http://www.wikidata.org/entity/Q10352582,Praia da Cordoama,praia no município de Vila do Bispo,,,,Point(-8.9368 37.1089),,Vila do Bispo,http://commons.wikimedia.org/wiki/Special:FilePath/Praia%20cordoama%20miradouro.jpg
http://www.wikidata.org/entity/Q10352590,Praia da Dona Ana,,,,,Point(-8.6689 37.09209),,Lagos,http://commons.wikimedia.org/wiki/Special:FilePath/Praia%20de%20Dona%20Ana%20-%20Portugal%20%289068382051%29.jpg
http://www.wikidata.org/entity/Q10352598,Praia da Figueirinha,"praia na Serra da Arrábida, Setúbal, Portugal",,,,Point(-8.944583333 38.484277777),Serra da Arrábida,Setúbal,http://commons.wikimedia.org/wiki/Special:FilePath/Figueirinha.jpg
http://www.wikidata.org/entity/Q10352601,Praia da Foz do Lizandro,,,,,Point(-9.41664 38.94265),,,http://commons.wikimedia.org/wiki/Special:FilePath/Praia%20da%20Foz%20do%20Lizandro.JPG
http://www.wikidata.org/entity/Q10352602,Praia da Galé,"praia localizada no município de Albufeira, Portugal",,,,Point(-8.31611111 37.08055556),,,http://commons.wikimedia.org/wiki/Special:FilePath/Praia%20da%20Gal%C3%A9%20-%20Pequena.JPG
http://www.wikidata.org/entity/Q10352613,Praia da Ilha de Tavira,"praia na Ilha de Tavira, Algarve, Portugal",,,,Point(-7.62361111 37.10833333),,Tavira,http://commons.wikimedia.org/wiki/Special:FilePath/Praia%20da%20Ilha%20de%20Tavira%20-%20Portugal%20%2820072462770%29.jpg
http://www.wikidata.org/entity/Q10352614,Praia da Ingrina,,,,,Point(-8.878888888 37.046666666),,Faro,http://commons.wikimedia.org/wiki/Special:FilePath/Praia%20do%20Ingrina%20-%20Portugal%20%2851036969221%29.jpg
http://www.wikidata.org/entity/Q10352616,Praia da Lagoa de Albufeira,"Praia na Lagoa de Albufeira, Sesimbra (Portugal)",,,,Point(-9.182527777 38.507416666),,Sesimbra,http://commons.wikimedia.org/wiki/Special:FilePath/Lagoa%20de%20Albufeira%20I.jpg
http://www.wikidata.org/entity/Q10352618,Praia da Laje,"praia na freguesia do Seixal, na ilha da Madeira",,,,Point(-17.11388889 32.82666667),,Seixal,http://commons.wikimedia.org/wiki/Special:FilePath/Praia%20da%20Laje%20-%20Ilha%20da%20Madeira%20-%20Portugal%20%286836899475%29.jpg
http://www.wikidata.org/entity/Q10352623,Praia da Madalena do Mar,"praia na Madalena do Mar, na ilha da Madeira",,,,Point(-17.14027778 32.70166667),,Madalena do Mar,http://commons.wikimedia.org/wiki/Special:FilePath/Madalena%20do%20Mar%20-%20Portugal%20%2884765143%29.jpg
http://www.wikidata.org/entity/Q10352627,Praia da Manta Rota,,,,,Point(-7.51864 37.16292),,,http://commons.wikimedia.org/wiki/Special:FilePath/Praia%20da%20Manta%20Rota%202.JPG
http://www.wikidata.org/entity/Q10352632,Praia da Nazaré,,,,,Point(-9.07548 39.60158),,Nazaré,
http://www.wikidata.org/entity/Q10352657,Praia da Ponta do Sol,"praia na Ponta do Sol, na ilha da Madeira",,,,Point(-17.10472222 32.67916667),,Ponta do Sol,http://commons.wikimedia.org/wiki/Special:FilePath/Pontadosol1.JPG
http://www.wikidata.org/entity/Q10352661,Praia da Ribeira Brava,"praia na Ribeira Brava, na ilha da Madeira",,,,Point(-17.06666667 32.67111111),,Ribeira Brava,http://commons.wikimedia.org/wiki/Special:FilePath/Praia%20da%20Ribeira%20Brava.JPG
http://www.wikidata.org/entity/Q10352668,Praia da Senhora da Rocha,,,,,Point(-8.388333333 37.096111111),,,http://commons.wikimedia.org/wiki/Special:FilePath/02-05-2017%20Praia%20da%20Senhora%20da%20Rocha.JPG
http://www.wikidata.org/entity/Q14206083,Q14206083,,,,,Point(-8.84575 40.32971),,Tocha,
http://www.wikidata.org/entity/Q16890473,Praia da Coelha,,,,,Point(-8.3 37.066666666),,Faro,http://commons.wikimedia.org/wiki/Special:FilePath/129PT%2013%20November%202013%20Praia%20da%20Coelha.JPG
http://www.wikidata.org/entity/Q16890473,Praia da Coelha,,,,,Point(-8.29372 37.0738),,Faro,http://commons.wikimedia.org/wiki/Special:FilePath/129PT%2013%20November%202013%20Praia%20da%20Coelha.JPG
http://www.wikidata.org/entity/Q16891158,Praia do Castelo,,,,,Point(-8.29866 37.0732),,,http://commons.wikimedia.org/wiki/Special:FilePath/AG69%2025%20November%202007%20Praia%20do%20Castelo.JPG
http://www.wikidata.org/entity/Q16899062,Q16899062,,,,,Point(-8.2815 37.0747),,,http://commons.wikimedia.org/wiki/Special:FilePath/132PT%2013%20November%202013%20Praia%20de%20S%C3%A3o%20rafael.JPG
http://www.wikidata.org/entity/Q16967622,Praia dos Arrifes,"praia no município de Albufeira, Portugal",,,,Point(-8.27746111 37.07605556),,,http://commons.wikimedia.org/wiki/Special:FilePath/137PT%2013%20November%202013%20Praia%20dos%20Arrifes.JPG
http://www.wikidata.org/entity/Q10352812,Praia de Labruge,,,,,Point(-8.729166666 41.276944444),,Porto,
http://www.wikidata.org/entity/Q10352815,Praia de Machico,"praia na Machico, na ilha da Madeira",,,,Point(-16.76222222 32.71861111),,Machico,http://commons.wikimedia.org/wiki/Special:FilePath/Machico%20Madeira%20January%202014%20-%20panoramio.jpg
http://www.wikidata.org/entity/Q10352827,Praia de Melides,,,,,Point(-8.79407 38.12928),,Melides,http://commons.wikimedia.org/wiki/Special:FilePath/Lagoa%20e%20praia%20de%20Melides.jpg
http://www.wikidata.org/entity/Q10352829,Praia de Monte Gordo,,,,,Point(-7.44744 37.17665),,,http://commons.wikimedia.org/wiki/Special:FilePath/Monte%20Gordo%20%283435107970%29.jpg
http://www.wikidata.org/entity/Q10352838,Praia de Paimogo,praia no município da Lourinhã,,,,Point(-9.33776 39.2852),,Lourinhã e Atalaia,http://commons.wikimedia.org/wiki/Special:FilePath/Praia%20de%20Paimogo%20Lourinh%C3%A3%20e%20Atalaia%2009.jpg
http://www.wikidata.org/entity/Q10352840,Praia de Paimó,,,,,Point(-8.78435 41.43115),,,
http://www.wikidata.org/entity/Q10352845,Praia de Paço de Arcos,"praia em Oeiras, Portugal",,,,Point(-9.2961 38.69012),,Oeiras,http://commons.wikimedia.org/wiki/Special:FilePath/Praia%20de%20Pa%C3%A7o%20de%20Arcos%20-%20Portugal%20%28547685071%29.jpg
http://www.wikidata.org/entity/Q10352882,Praia de Santo Amaro de Oeiras,praia em Oeiras,,,,Point(-9.31096 38.685065),,Oeiras,http://commons.wikimedia.org/wiki/Special:FilePath/Praia%20de%20Santo%20Amaro%20de%20Oeiras%20-%20Portugal%20%285910051000%29.jpg
http://www.wikidata.org/entity/Q10352890,Praia de Suave Mar,,,,,Point(-8.79254 41.54764),,Esposende,
http://www.wikidata.org/entity/Q10352932,Praia do Abano,,,,,Point(-9.47305 38.74284),,,http://commons.wikimedia.org/wiki/Special:FilePath/Praia%20do%20Abano%2C%20Portugal%20%284085976471%29.jpg
http://www.wikidata.org/entity/Q10352935,Praia do Amado,,,,,Point(-8.90455 37.16654),,,
http://www.wikidata.org/entity/Q10352944,Praia do Areal,,,,,Point(-9.33849 39.25931),,,
http://www.wikidata.org/entity/Q10352953,Praia do Barril,"praia na Ilha de Tavira, Algarve, Portugal",,,,Point(-7.66888889 37.0825),,Tavira,http://commons.wikimedia.org/wiki/Special:FilePath/Beach%20Praia%20do%20Barril%20near%20Tavira%20Portugal%201.JPG
http://www.wikidata.org/entity/Q10352954,Praia do Beliche,,,,,Point(-8.96391 37.02587),,Sagres,http://commons.wikimedia.org/wiki/Special:FilePath/Praia%20do%20Beliche%20-%20Portugal%20%2850616820658%29.jpg
http://www.wikidata.org/entity/Q10352972,Praia do Camilo,,,,,Point(-8.66845 37.08741),,,http://commons.wikimedia.org/wiki/Special:FilePath/PraiadoCamilo2010.jpg
http://www.wikidata.org/entity/Q10352973,Praia do Caniçal,,,,,Point(-9.33656 39.28099),,,http://commons.wikimedia.org/wiki/Special:FilePath/Fal%C3%A9sia%20da%20praia%20do%20Cani%C3%A7al.jpg
http://www.wikidata.org/entity/Q10352980,Praia do Carvalhido,,,,,Point(-8.77082 41.38145),,,
http://www.wikidata.org/entity/Q10352982,Praia do Carvalho,,,,,Point(-8.43223889 37.08673333),,,http://commons.wikimedia.org/wiki/Special:FilePath/Praia%20do%20Carvalho%2C%20Carvoeiro%2C%20Algarve%2C%20Portugal%202017-04.jpg
http://www.wikidata.org/entity/Q10353003,Praia do Fogo,"praia em Ribeira Grande, municípiod e Povoação, Açores",,,,Point(-25.31044 37.730712),,Açores,http://commons.wikimedia.org/wiki/Special:FilePath/Praia%20do%20Fogo%2C%20Ribeira%20Quente%2C%20ilha%20de%20S%C3%A3o%20Miguel%2C%20A%C3%A7ores.JPG
http://www.wikidata.org/entity/Q10353010,Praia do Furadouro,"praia em Ovar, Portugal",,,,Point(-8.678333333 40.870833333),,"Ovar, São João, Arada e São Vicente de Pereira Jusã",http://commons.wikimedia.org/wiki/Special:FilePath/Furadouro%20-%20Portugal%20%282310252488%29.jpg
http://www.wikidata.org/entity/Q10353027,Praia do Lacém,,,,,Point(-7.5675 37.14333333),,,
http://www.wikidata.org/entity/Q10353035,Praia do Magoito,,,,,Point(-9.44921 38.8636),,,http://commons.wikimedia.org/wiki/Special:FilePath/Praia%20do%20Magoito%2C%20agosto%202017.jpg
http://www.wikidata.org/entity/Q10353038,Praia do Meco,"Praia em Sesimbra, Portugal",,,,Point(-9.183722222 38.489166666),,Sesimbra,http://commons.wikimedia.org/wiki/Special:FilePath/MECO%20%28Sesimbra%29%202.jpg
http://www.wikidata.org/entity/Q10353050,Praia do Molhe,,,,,Point(-8.51999167 37.10961944),,Lagoa,http://commons.wikimedia.org/wiki/Special:FilePath/Praia%20do%20Molhe.JPG
http://www.wikidata.org/entity/Q10353050,Praia do Molhe,,,,,Point(-8.51999167 37.10961944),,Ferragudo,http://commons.wikimedia.org/wiki/Special:FilePath/Praia%20do%20Molhe.JPG
http://www.wikidata.org/entity/Q10353058,Praia do Norte (Nazaré),,,,,Point(-9.085583333 39.604416666),,Nazaré,http://commons.wikimedia.org/wiki/Special:FilePath/Can%20you%20see%20the%20surfer%3F%20%2833988985575%29.jpg
http://www.wikidata.org/entity/Q10353058,Praia do Norte (Nazaré),,,,,Point(-9.085583333 39.604416666),,Nazaré,http://commons.wikimedia.org/wiki/Special:FilePath/Nazare%20North%20at%20sunset%202021%20-4%20%28wide%20with%20beach%29.jpg
http://www.wikidata.org/entity/Q10353066,Praia do Paçô,,,,,Point(-8.877672 41.760064),,Viana do Castelo,http://commons.wikimedia.org/wiki/Special:FilePath/Praia%20do%20Pa%C3%A7%C3%B4.jpg
http://www.wikidata.org/entity/Q10353066,Praia do Paçô,,,,,Point(-8.877672 41.760064),,Carreço,http://commons.wikimedia.org/wiki/Special:FilePath/Praia%20do%20Pa%C3%A7%C3%B4.jpg
http://www.wikidata.org/entity/Q10353071,Praia do Peneco,,,,,Point(-8.25379 37.0864),,,http://commons.wikimedia.org/wiki/Special:FilePath/Albufeira-Strand%20in%20April.JPG
http://www.wikidata.org/entity/Q10353077,Praia do Pintadinho,,,,,Point(-8.51886389 37.10785556),,Lagoa,http://commons.wikimedia.org/wiki/Special:FilePath/Praia%20do%20Pintadinho.JPG
http://www.wikidata.org/entity/Q10353077,Praia do Pintadinho,,,,,Point(-8.51886389 37.10785556),,Ferragudo,http://commons.wikimedia.org/wiki/Special:FilePath/Praia%20do%20Pintadinho.JPG
http://www.wikidata.org/entity/Q10353089,Praia do Porto Santo,"praia constituída por pequenos grãos de areia amarela em Porto Santo, Madeira, Portugal",,,,Point(-16.34722222 33.04777778),Madeira,Porto Santo,http://commons.wikimedia.org/wiki/Special:FilePath/Ilha%20de%20Porto%20Santo%20-%20Portugal%20%282050189089%29.jpg
http://www.wikidata.org/entity/Q10353137,Praia dos Caneiros,,,,,Point(-8.51431944 37.10525),,,http://commons.wikimedia.org/wiki/Special:FilePath/Caneiros%20beach%2C%20Ferragudo%2C%20Algarve%20%2817070981600%29.jpg
http://www.wikidata.org/entity/Q10353138,Praia dos Beijinhos,,,,,Point(-8.77514 41.38745),,,http://commons.wikimedia.org/wiki/Special:FilePath/Praia%20dos%20Beijinhos%20P%C3%B3voa%20Varzim.JPG
http://www.wikidata.org/entity/Q10353149,Praia dos Olhos D'Água,,,,,Point(-8.1904 37.08957),,,http://commons.wikimedia.org/wiki/Special:FilePath/Olhos%20De%20Agua%20-%20cliffs%20%2813399379195%29.jpg
http://www.wikidata.org/entity/Q10353153,Praia dos Pescadores,,,,,Point(-8.24975 37.0869),,,http://commons.wikimedia.org/wiki/Special:FilePath/Albufeira%20%28Portugal%29%20%2810311666686%29.jpg
http://www.wikidata.org/entity/Q10353155,Praia dos Salgados,,,,,Point(-8.32885 37.08837),,Albufeira,http://commons.wikimedia.org/wiki/Special:FilePath/Praia%20dos%20Salgados%20-%20Gal%C3%A9.JPG
http://www.wikidata.org/entity/Q10353185,Prainha,"praia no Caniçal, Madeira, Portugal",,,,Point(-16.71555556 32.7425),Madeira,Caniçal,http://commons.wikimedia.org/wiki/Special:FilePath/Ponta%20de%20S%C3%A3o%20Louren%C3%A7o%2C%20Madeira%2C%20Portugal%2C%202019-05-28%2C%20DD%2010.jpg
http://www.wikidata.org/entity/Q4875262,Baía do Refugo,baía no município de Angra do Heroísmo,,,,Point(-27.118 38.645),,Açores,
http://www.wikidata.org/entity/Q5141494,Praia de Coim,,,,,Point(-8.77908 41.40257),,,
http://www.wikidata.org/entity/Q5394494,Praia Redonda,,,,,Point(-8.76913889 41.37933333),,Póvoa de Varzim,
http://www.wikidata.org/entity/Q5400886,Praia do Esteiro,,,,,Point(-8.77892 41.40135),,,http://commons.wikimedia.org/wiki/Special:FilePath/Sargaceiros%20Praia%20Esteiro%20Povoa%20Varzim.JPG
http://www.wikidata.org/entity/Q5405017,Praia do Rio Alto,,,,,Point(-8.77938 41.4451),,,http://commons.wikimedia.org/wiki/Special:FilePath/Estela%20beach%2C%20povoa%20de%20varzim.jpg
http://www.wikidata.org/entity/Q5477752,Praia da Fragosa,,,,,Point(-8.77961 41.39819),,,http://commons.wikimedia.org/wiki/Special:FilePath/Praia%20da%20Fragosa%20Aver-o-Mar%20P%C3%B3voa%20de%20Varzim.JPG
http://www.wikidata.org/entity/Q6472423,Praia da Lagoa,,,,,Point(-8.7744564 41.3922129),,,
http://www.wikidata.org/entity/Q7232151,Praia de Porto Dinheiro,"localidade e praia de Ribamar, Lourinhã",,,,Point(-9.3447 39.2136),,Ribamar,http://commons.wikimedia.org/wiki/Special:FilePath/20210804%20160800%20Praia%20de%20Porto%20Dinheiro.jpg
http://www.wikidata.org/entity/Q7237756,Praia Grande (Lagoa),,,,,Point(-8.519444444 37.116111111),,Lagoa,http://commons.wikimedia.org/wiki/Special:FilePath/Ferragudo1.jpg
http://www.wikidata.org/entity/Q7237757,Praia Nova,"praia no município de Lagoa, Portugal",,,,Point(-8.388333333 37.096111111),,,
http://www.wikidata.org/entity/Q7237760,Praia da Adraga,"praia no concelho de Sintra, Portugal",,,,Point(-9.485 38.803611111),,Sintra,http://commons.wikimedia.org/wiki/Special:FilePath/Praia%20da%20adraga%201.jpg
http://www.wikidata.org/entity/Q7237760,Praia da Adraga,"praia no concelho de Sintra, Portugal",,,,Point(-9.485 38.803611111),,Lisboa,http://commons.wikimedia.org/wiki/Special:FilePath/Praia%20da%20adraga%201.jpg
http://www.wikidata.org/entity/Q7237760,Praia da Adraga,"praia no concelho de Sintra, Portugal",,,,Point(-9.485 38.803611111),,Sintra,http://commons.wikimedia.org/wiki/Special:FilePath/Praia%20da%20adraga%20portugal.jpg
http://www.wikidata.org/entity/Q7237760,Praia da Adraga,"praia no concelho de Sintra, Portugal",,,,Point(-9.485 38.803611111),,Lisboa,http://commons.wikimedia.org/wiki/Special:FilePath/Praia%20da%20adraga%20portugal.jpg
http://www.wikidata.org/entity/Q7237761,Praia da Amoreira,,,,,Point(-8.84444444 37.35138889),,,http://commons.wikimedia.org/wiki/Special:FilePath/Praia%20da%20Amoreira.JPG
http://www.wikidata.org/entity/Q7237762,Praia da Angrinha,,,,,Point(-8.516666666 37.116666666),,Faro,
http://www.wikidata.org/entity/Q7237762,Praia da Angrinha,,,,,Point(-8.52222222 37.12),,Faro,
http://www.wikidata.org/entity/Q7237764,Praia da Arrifana,,,,,Point(-8.865 37.29277778),,,http://commons.wikimedia.org/wiki/Special:FilePath/Arrifana.JPG
http://www.wikidata.org/entity/Q7237764,Praia da Arrifana,,,,,Point(-8.865 37.29277778),,,http://commons.wikimedia.org/wiki/Special:FilePath/Praia%20da%20Arrifana.JPG
http://www.wikidata.org/entity/Q7237766,Praia da Carreagem,,,,,Point(-8.84215 37.35817),,,http://commons.wikimedia.org/wiki/Special:FilePath/Praia%20da%20Carriagem%20-%20Portugal%20%2826294151383%29.jpg
http://www.wikidata.org/entity/Q7237766,Praia da Carreagem,,,,,Point(-8.84111111 37.35861111),,,http://commons.wikimedia.org/wiki/Special:FilePath/Praia%20da%20Carriagem%20-%20Portugal%20%2826294151383%29.jpg
http://www.wikidata.org/entity/Q7237767,Q7237767,,,,,Point(-9.195638532 38.459943668),,,http://commons.wikimedia.org/wiki/Special:FilePath/Praia%20da%20Pipa%20-%20Portugal%20%2849593449773%29.jpg
http://www.wikidata.org/entity/Q7237768,Praia da Granja,uma praia em Portugal,,,,Point(-8.64833 41.0363),,,http://commons.wikimedia.org/wiki/Special:FilePath/Praia%20da%20Granja%20-%20Portugal%20%28232970391%29.jpg
http://www.wikidata.org/entity/Q7237770,Praia da Rocha Baixinha,"praia no concelho de Albufeira, Portugal",,,,Point(-8.1282 37.0737),,Albufeira,http://commons.wikimedia.org/wiki/Special:FilePath/View%20of%20Praia%20da%20Rocha%20Baixinha%2024%20September%202012.JPG
http://www.wikidata.org/entity/Q7237776,Praia das Adegas,,,,,Point(-8.8012 37.4392),,,http://commons.wikimedia.org/wiki/Special:FilePath/Praia%20de%20Adegas%20ou%20Odeceixe%20Sul%20-%20Portugal%20%2833105019432%29.jpg
http://www.wikidata.org/entity/Q7237778,Praia da Baía dos Tiros,"praia no concelho de Aljezur, Portugal",,,,Point(-8.81277778 37.40611111),,Aljezur,http://commons.wikimedia.org/wiki/Special:FilePath/Praia%20da%20Ba%C3%ADa%20dos%20Tiros%2011%20November%202013%20%283%29.JPG
http://www.wikidata.org/entity/Q7237778,Praia da Baía dos Tiros,"praia no concelho de Aljezur, Portugal",,,,Point(-8.81279 37.40664),,Aljezur,http://commons.wikimedia.org/wiki/Special:FilePath/Praia%20da%20Ba%C3%ADa%20dos%20Tiros%2011%20November%202013%20%283%29.JPG
http://www.wikidata.org/entity/Q7237778,Praia da Baía dos Tiros,"praia no concelho de Aljezur, Portugal",,,,Point(-8.81277778 37.40611111),,Aljezur,http://commons.wikimedia.org/wiki/Special:FilePath/Praia%20da%20Samouqueira%20-%20Portugal%20%2835380411801%29.jpg
http://www.wikidata.org/entity/Q7237778,Praia da Baía dos Tiros,"praia no concelho de Aljezur, Portugal",,,,Point(-8.81279 37.40664),,Aljezur,http://commons.wikimedia.org/wiki/Special:FilePath/Praia%20da%20Samouqueira%20-%20Portugal%20%2835380411801%29.jpg
http://www.wikidata.org/entity/Q7237779,Praia de Odeceixe,,,,,Point(-8.79777778 37.44222222),,,http://commons.wikimedia.org/wiki/Special:FilePath/Praia%20de%20Odeceixe%20Mar%2011%20November%202013%20%282%29.JPG
http://www.wikidata.org/entity/Q7237780,Praia de Vale Figueiras,"praia em Aljezur, Portugal",,,,Point(-8.865833333 37.252222222),,Aljezur,
http://www.wikidata.org/entity/Q7237780,Praia de Vale Figueiras,"praia em Aljezur, Portugal",,,,Point(-8.85972222 37.27027778),,Aljezur,
http://www.wikidata.org/entity/Q7237783,Q7237783,,,,,Point(-8.85972222 37.27027778),,Aljezur,
http://www.wikidata.org/entity/Q7237784,Praia do Burgau,,,,,Point(-8.775277777 37.071666666),,Faro,http://commons.wikimedia.org/wiki/Special:FilePath/East%20Praia%20Burgau.png
http://www.wikidata.org/entity/Q7237786,Q7237786,,,,,Point(-8.86194444 37.27555556),,Aljezur,http://commons.wikimedia.org/wiki/Special:FilePath/Praia%20do%20Penedo%20%281%29.jpg
http://www.wikidata.org/entity/Q7237787,Praia do Evaristo,"praia no município de Albufeira, Portugal",,,,Point(-8.30277778 37.07416667),,,http://commons.wikimedia.org/wiki/Special:FilePath/Praia%20do%20Evaristo%20Albufeira24%2009%202012.JPG
http://www.wikidata.org/entity/Q7237791,Praia de Vale dos Homens,"praia no concelho de Aljezur, Portugal",,,,Point(-8.82527778 37.3825),,Aljezur,http://commons.wikimedia.org/wiki/Special:FilePath/Praia%20de%20Vale%20dos%20Homens%20-%20Portugal%20%2841005322322%29.jpg
http://www.wikidata.org/entity/Q7237792,Praia de Monte Clérigo,,,,,Point(-8.85305556 37.34083333),,,http://commons.wikimedia.org/wiki/Special:FilePath/Praia%20do%20Monte%20Cl%C3%A9rigo%20-%20I.jpg
http://www.wikidata.org/entity/Q7272733,Praia do Quião,,,,,Point(-8.78301 41.40839),,,http://commons.wikimedia.org/wiki/Special:FilePath/Praia%20do%20Qui%C3%A3o%20Cabo%20de%20Santo%20Andr%C3%A9%20P%C3%B3voa%20de%20Varzim.jpg
http://www.wikidata.org/entity/Q7404416,Praia da Salgueira,,,,,Point(-8.7713 41.38324),,Póvoa de Varzim,http://commons.wikimedia.org/wiki/Special:FilePath/Praia%20Salgueira%20Ondas%20Povoa%20Varzim.jpg
http://www.wikidata.org/entity/Q7420473,Praia de Santo André,,,,,Point(-8.7872 41.4167),,Póvoa de Varzim,http://commons.wikimedia.org/wiki/Special:FilePath/Praia%20da%20Agu%C3%A7adoura.JPG
http://www.wikidata.org/entity/Q9671031,Cabedelo do Douro,,,,,Point(-8.66774 41.13961),,Vila Nova de Gaia,
http://www.wikidata.org/entity/Q49323587,Praia do Castelejo,,,,,Point(-8.94492 37.10003),,Vila do Bispo,http://commons.wikimedia.org/wiki/Special:FilePath/Entrance%20Praia%20do%20Castelejo%20Vila%20do%20Bispo%20Portuga.jpg
http://www.wikidata.org/entity/Q49323602,Praia da Almagreira,,,,,Point(-9.31387 39.37916),,,http://commons.wikimedia.org/wiki/Special:FilePath/Praia%20de%20Pedras%20Muitas%20ou%20da%20Almagreira%20-%20Portugal%20%2819462998702%29.jpg
http://www.wikidata.org/entity/Q49323605,Q49323605,,,,,Point(-8.82581 41.64784),,,http://commons.wikimedia.org/wiki/Special:FilePath/Praia%20da%20Amorosa%20-%20panoramio.jpg
http://www.wikidata.org/entity/Q49323608,Q49323608,,,,,Point(-8.666666666 37.083333333),,Faro,
http://www.wikidata.org/entity/Q49323631,Q49323631,,,,,Point(-8.930277777 37.011111111),,Faro,http://commons.wikimedia.org/wiki/Special:FilePath/Q49323631.jpg
http://www.wikidata.org/entity/Q49323634,Q49323634,,,,,Point(-9.415555555 38.957777777),,Lisboa,
http://www.wikidata.org/entity/Q49323638,Q49323638,,,,,Point(-8.9307 37.11981),,Vila do Bispo,
http://www.wikidata.org/entity/Q49323642,Praia da Boa Nova,,,,,Point(-8.71413 41.20229),,,http://commons.wikimedia.org/wiki/Special:FilePath/Q49323642.jpg
http://www.wikidata.org/entity/Q49323647,Q49323647,,,,,Point(-8.78013 41.40412),,,
http://www.wikidata.org/entity/Q49323659,Praia da Comenda,"praia na Serra da Arrábida, Setúbal, Portugal",,,,Point(-8.922556 38.509139),Serra da Arrábida,Setúbal,
http://www.wikidata.org/entity/Q49323668,Q49323668,,,,,Point(-9.058888888 38.440555555),,Setúbal,
http://www.wikidata.org/entity/Q49323671,Q49323671,,,,,Point(-8.380555555 37.098611111),,Faro,http://commons.wikimedia.org/wiki/Special:FilePath/Praia%20da%20Cova%20Redonda%20-%20Portugal%20%289570688813%29.jpg
http://www.wikidata.org/entity/Q49323672,Q49323672,,,,,Point(-9.47661 38.7267),,Lisboa,
http://www.wikidata.org/entity/Q49323673,Praia da Cruz Quebrada,praia no município de Oeiras,,,,Point(-9.25 38.7),,Lisboa,http://commons.wikimedia.org/wiki/Special:FilePath/Praia%20da%20Cruz%20Quebrada%20-%20Portugal%20%285909502705%29.jpg
http://www.wikidata.org/entity/Q49323675,Q49323675,,,,,Point(-9.41476 38.70082),,Lisboa,
http://www.wikidata.org/entity/Q49323703,Praia da Galé Oeste,"praia localizada no município de Albufeira, Portugal",,,,Point(-8.32281 37.08493),,Albufeira,
http://www.wikidata.org/entity/Q49323714,Q49323714,,,,,Point(-8.870277777 37.97),,Setúbal,
http://www.wikidata.org/entity/Q49323725,Praia da Luz,"praia no Porto, Portugal",,,,Point(-8.67963 41.15297),Foz do Douro,"Aldoar, Foz do Douro e Nevogilde",http://commons.wikimedia.org/wiki/Special:FilePath/Porto%20beachfront%20%284782115962%29.jpg
http://www.wikidata.org/entity/Q49323730,Q49323730,,,,,Point(-8.93956 37.00539),,Sagres,http://commons.wikimedia.org/wiki/Special:FilePath/Praia%20da%20Mareta%20-%20Portugal%20%2850617664797%29.jpg
http://www.wikidata.org/entity/Q49323743,Q49323743,,,,,Point(-8.909166666 37.153888888),,Faro,
http://www.wikidata.org/entity/Q49323767,Q49323767,,,,,Point(-8.96443 37.06893),,,
http://www.wikidata.org/entity/Q49323776,Praia da Rainha,praia in Cascais,,,,Point(-9.416666666 38.7),,Lisboa,http://commons.wikimedia.org/wiki/Special:FilePath/%E5%8D%A1%E6%96%AF%E5%8D%A1%E4%BC%8A%E6%96%AF%20-%20panoramio.jpg
http://www.wikidata.org/entity/Q49323781,Q49323781,,,,,Point(-9.416666666 38.7),,Lisboa,
http://www.wikidata.org/entity/Q49323787,Praia do Ribeiro do Cavalo,"Praia em Sesimbra, Portugal",,,,Point(-9.13025 38.432722222),Serra dos Pinheirinhos,Sesimbra,http://commons.wikimedia.org/wiki/Special:FilePath/Ribeira%20do%20cavalo.jpg
http://www.wikidata.org/entity/Q49323826,Q49323826,,,,,Point(-9.427222222 38.9175),,Lisboa,
http://www.wikidata.org/entity/Q49323833,Praia das Bicas,"Praia em Sesimbra, Portugal",,,,Point(-9.192694444 38.463722222),,Sesimbra,http://commons.wikimedia.org/wiki/Special:FilePath/Praia%20das%20Bicas%20-%20Portugal%20%2828833052267%29.jpg
http://www.wikidata.org/entity/Q49323838,Praia das Cascas,,,,,Point(-7.619444444 37.111388888),,Faro,http://commons.wikimedia.org/wiki/Special:FilePath/Tavira-IMG%2020210911%20114945.jpg
http://www.wikidata.org/entity/Q49323847,Q49323847,,,,,Point(-8.972777777 37.058611111),,Faro,
http://www.wikidata.org/entity/Q49323853,Q49323853,,,,,Point(-9.408333333 38.833333333),,Lisboa,
http://www.wikidata.org/entity/Q49323854,Q49323854,,,,,Point(-9.47 38.825),,Lisboa,
http://www.wikidata.org/entity/Q49323855,Q49323855,,,,,Point(-9.408333333 38.7),,Lisboa,
http://www.wikidata.org/entity/Q49323856,Q49323856,,,,,Point(-9.05 39.683333333),,Leiria,
http://www.wikidata.org/entity/Q49323869,Q49323869,,,,,Point(-8.25 37.083333333),,Faro,
http://www.wikidata.org/entity/Q49323873,Praia de Alvor,"praia na freguesia de Alvor, no concelho de Portimão, Algarve, Portugal",,,,Point(-8.6 37.122777777),,Faro,http://commons.wikimedia.org/wiki/Special:FilePath/Praia%20de%20Alvor%20-%20Portugal%20%2849756771263%29.jpg
http://www.wikidata.org/entity/Q49323897,Q49323897,,,,,Point(-9.279166666 38.7),,Lisboa,
http://www.wikidata.org/entity/Q49323909,Q49323909,,,,,Point(-8.65775 41.07672),,,
http://www.wikidata.org/entity/Q49323912,Praia de Gondarém,"praia no Porto, Portugal",,,,Point(-8.68187 41.15608),Nevogilde,"Aldoar, Foz do Douro e Nevogilde",http://commons.wikimedia.org/wiki/Special:FilePath/Q49323912.jpg
http://www.wikidata.org/entity/Q49323916,Q49323916,,,,,Point(-8.89476 37.04218),,,
http://www.wikidata.org/entity/Q49323934,Praia de Matosinhos,,,,,Point(-8.693054 41.1765),Matosinhos,Matosinhos e Leça da Palmeira,http://commons.wikimedia.org/wiki/Special:FilePath/Oporto%20%28Portugal%29%20%2824040648415%29.jpg
http://www.wikidata.org/entity/Q49323940,Praia de Miramar,,,,,Point(-8.6574 41.0671),,Vila Nova de Gaia,http://commons.wikimedia.org/wiki/Special:FilePath/Praia%20de%20Miramar%20Portugal%2001.jpg
http://www.wikidata.org/entity/Q49323980,Praia de Ribeira d'Ilhas,Praia em Riceira,,,,Point(-9.41969 38.98767),,Ericeira,http://commons.wikimedia.org/wiki/Special:FilePath/Praia%20de%20Ribeira%20d%27Ilhas%2001.jpg
http://www.wikidata.org/entity/Q49323981,Q49323981,,,,,Point(-8.824444444 37.065277777),,Faro,
http://www.wikidata.org/entity/Q49324022,Praia de Torre,praia em Cascais,,,,Point(-9.32277 38.67566),,Carcavelos e Parede,
http://www.wikidata.org/entity/Q49324026,Q49324026,,,,,Point(-8.7975 37.895833333),,Setúbal,http://commons.wikimedia.org/wiki/Special:FilePath/Praia%20de%20Vale%20Figueiros%20Pedra%20Casca%20Vieirinha%20-%20Portugal%20%282488975204%29.jpg
http://www.wikidata.org/entity/Q49324048,Q49324048,,,,,Point(-9.216666666 38.433333333),,Setúbal,
http://www.wikidata.org/entity/Q49324056,Q49324056,,,,,Point(-8.9 37.05),,Faro,
http://www.wikidata.org/entity/Q49324065,Q49324065,,,,,Point(-8.795833333 37.674722222),,Beja,
http://www.wikidata.org/entity/Q49324081,Praia do Canavial,,,,,Point(-8.67913 37.08392),,Lagos,http://commons.wikimedia.org/wiki/Special:FilePath/Praia%20do%20Canavial%20-%20Portugal%20%281622890500%29.jpg
http://www.wikidata.org/entity/Q49324085,Praia do Carneiro,"praia no Porto, Portugal",,,,Point(-8.67615 41.14847),Foz do Douro,"Aldoar, Foz do Douro e Nevogilde",http://commons.wikimedia.org/wiki/Special:FilePath/O%20mar%20enrola%20nareia%20%288233531634%29.jpg
http://www.wikidata.org/entity/Q49324092,Praia do Castelo do Queijo,"praia no Porto, Portugal",,,,Point(-8.69022 41.16748),Foz,"Aldoar, Foz do Douro e Nevogilde",http://commons.wikimedia.org/wiki/Special:FilePath/Q49324092.jpg
http://www.wikidata.org/entity/Q49324114,Q49324114,,,,,Point(-9.383333333 39.116666666),,Lisboa,
http://www.wikidata.org/entity/Q49324116,Praia do Homem do Leme,"praia no Porto, Portugal",,,,Point(-8.68578 41.15968),Nevogilde,"Aldoar, Foz do Douro e Nevogilde",http://commons.wikimedia.org/wiki/Special:FilePath/Praia%20do%20Homem%20do%20Leme%20%281%29.jpg
http://www.wikidata.org/entity/Q49324133,Q49324133,,,,,Point(-8.724166666 41.238055555),,Porto,
http://www.wikidata.org/entity/Q49324135,Q49324135,,,,,Point(-8.92647 37.01855),,Vila do Bispo,http://commons.wikimedia.org/wiki/Special:FilePath/July%20Beaches%20Sagres%20Portugal%20-%20Geo%20Photography%201989%20End%20of%20Europe%20Atlantic%20Ocean%20-%20panoramio.jpg
http://www.wikidata.org/entity/Q49324139,Q49324139,,,,,Point(-8.918611111 37.136111111),,Faro,
http://www.wikidata.org/entity/Q49324140,Praia do Moinho,"praia em Carcavelos, Portugal",,,,Point(-9.32719 38.67631),,Carcavelos e Parede,
http://www.wikidata.org/entity/Q49324142,Praia do Molhe,"praia no Porto, Portugal",,,,Point(-8.68368 41.15788),Nevogilde,"Aldoar, Foz do Douro e Nevogilde",http://commons.wikimedia.org/wiki/Special:FilePath/Oporto%20%28Portugal%29%20%2825976188240%29.jpg
http://www.wikidata.org/entity/Q49324153,Praia do Ourigo,"praia no Porto, Portugal",,,,Point(-8.67706 41.15003),Foz do Douro,"Aldoar, Foz do Douro e Nevogilde",http://commons.wikimedia.org/wiki/Special:FilePath/Porto%20IMG%202346%20%2816871223468%29.jpg
http://www.wikidata.org/entity/Q49324172,Q49324172,,,,,Point(-8.66774 37.09455),,Lagos,http://commons.wikimedia.org/wiki/Special:FilePath/Praia%20do%20Pinh%C3%A3o%20-%20Portugal%20%2813413578633%29.jpg
http://www.wikidata.org/entity/Q49324187,Q49324187,,,,,Point(-9.416666666 39.066666666),,Lisboa,
http://www.wikidata.org/entity/Q49324199,Q49324199,,,,,Point(-9.473333333 38.821111111),,Lisboa,
http://www.wikidata.org/entity/Q49324211,Q49324211,,,,,Point(-8.978611111 37.045555555),,Faro,
http://www.wikidata.org/entity/Q49324239,Q49324239,,,,,Point(-8.788055555 37.518333333),,Beja,
http://www.wikidata.org/entity/Q49324249,Q49324249,,,,,Point(-7.794722222 37.036666666),,Faro,
http://www.wikidata.org/entity/Q49324251,Praia dos Coelhos,"praia na Serra da Arrábida, Setúbal, Portugal",,,,Point(-8.96941 38.48179),Serra da Arrábida,Setúbal,
http://www.wikidata.org/entity/Q49324252,Q49324252,,,,,Point(-9.425555555 39.004444444),,Lisboa,
http://www.wikidata.org/entity/Q49324254,Q49324254,,,,,Point(-9.39762 38.70206),,Lisboa,
http://www.wikidata.org/entity/Q49324256,Q49324256,,,,,Point(-9.35 39.3),,Leiria,
http://www.wikidata.org/entity/Q49324260,Praia de Galapinhos,"praia na Serra da Arrábida, Setúbal, Portugal",,,,Point(-8.96835 38.48387),,Setúbal,http://commons.wikimedia.org/wiki/Special:FilePath/PRAIA%20DE%20GALAPOS%20ARRABIDA.jpg
http://www.wikidata.org/entity/Q49324262,Praia dos Gémeos,praia em Cascais,,,,Point(-9.32933 38.67663),,Carcavelos e Parede,
http://www.wikidata.org/entity/Q49324264,Praia dos Ingleses,"praia no Porto, Portugal",,,,Point(-8.67852 41.15171),Foz do Douro,"Aldoar, Foz do Douro e Nevogilde",http://commons.wikimedia.org/wiki/Special:FilePath/Porto%20in%20november%20%288431798211%29.jpg
http://www.wikidata.org/entity/Q49324265,Praia dos Lagosteiros,"Praia em Sesimbra, Portugal",,,,Point(-9.214694444 38.423472222),,Sesimbra,http://commons.wikimedia.org/wiki/Special:FilePath/Praia%20dos%20Lagosteiros%20-%20Portugal%20%2849028336272%29.jpg
http://www.wikidata.org/entity/Q49324268,Q49324268,,,,,Point(-9.4585 38.84696),,Lisboa,
http://www.wikidata.org/entity/Q49324269,Q49324269,,,,,Point(-8.933333333 37.116666666),,Faro,
http://www.wikidata.org/entity/Q49324286,Q49324286,,,,,Point(-8.57823 37.11819),,Portimão,http://commons.wikimedia.org/wiki/Special:FilePath/Praia%20dos%20Tr%C3%AAs%20Irm%C3%A3os%20-%20Portugal%20%284793272312%29.jpg
http://www.wikidata.org/entity/Q49324296,Praia Formosa,praia no distrito de Lisboa,,,,Point(-9.38555 39.13172),,Silveira,http://commons.wikimedia.org/wiki/Special:FilePath/Praia%20Formosa%20-%20Portugal%20%28899314212%29.jpg
http://www.wikidata.org/entity/Q49324300,Praia Grande de Almograve,,,,,Point(-8.801944444 37.652222222),,Beja,
http://www.wikidata.org/entity/Q49324303,Q49324303,,,,,Point(-8.866666666 37.95),,Setúbal,
http://www.wikidata.org/entity/Q49324326,Q49324326,,,,,Point(-8.68894 41.17099),,,http://commons.wikimedia.org/wiki/Special:FilePath/Q49324326.jpg
http://www.wikidata.org/entity/Q49324379,Praia Vasco da Gama,"praia em Sines, Setúbal, Portugal",,,,Point(-8.86644 37.9536),,Sines,http://commons.wikimedia.org/wiki/Special:FilePath/Playa%20Vasco%20de%20Gama%2C%20Sines%2C%20Portugal%2C%202021-09-12%2C%20DD%2049.jpg
http://www.wikidata.org/entity/Q49324381,Q49324381,,,,,Point(-9.022777777 39.7775),,Leiria,
http://www.wikidata.org/entity/Q25418762,Praia do Vau,"praia no concelho de Portimão, no Algarve, Portugal",,,,Point(-8.55849 37.1197),,Portimão,http://commons.wikimedia.org/wiki/Special:FilePath/Praias%20do%20Vau%20e%20do%20Alem%C3%A3o%20%284314265710%29.jpg
http://www.wikidata.org/entity/Q25418785,Praia do Padre Vicente,,,,,Point(-8.48198 37.09899),,,
http://www.wikidata.org/entity/Q25418791,Praia do Portinho da Arrábida,Praia,,,,Point(-8.98386 38.47691),,Setúbal,http://commons.wikimedia.org/wiki/Special:FilePath/Praia%20do%20Portinho%2C%20Arr%C3%A1bida%2C%20Set%C3%BAbal%2C%20Portugal%2C%202022-07-21%2C%20DD%2012.jpg
http://www.wikidata.org/entity/Q25418812,Praia de Almádena,,,,,Point(-8.79509 37.06576),,Budens,http://commons.wikimedia.org/wiki/Special:FilePath/Praia%20das%20Cabanas%20Velhas%20-%20Portugal%20%2852728942518%29.jpg
http://www.wikidata.org/entity/Q25418840,Praia da Boca do Rio,"praia localizada no algarve na freguesia de Budens, que foi em tempos uma importante vila romana, subsistindo desta vestígios de frescos e de mosaicos, balneários, armazéns e uma fábrica de salga e conserva de peixe",,,,Point(-8.80926 37.06619),,Vila do Bispo,http://commons.wikimedia.org/wiki/Special:FilePath/Planta%20das%20ruinas%20romanas%20da%20Boca%20do%20Rio%20-%20Archeologo%20Portugues%20XV%201910.png
http://www.wikidata.org/entity/Q25418840,Praia da Boca do Rio,"praia localizada no algarve na freguesia de Budens, que foi em tempos uma importante vila romana, subsistindo desta vestígios de frescos e de mosaicos, balneários, armazéns e uma fábrica de salga e conserva de peixe",,,,Point(-8.80926 37.06619),,Vila do Bispo,http://commons.wikimedia.org/wiki/Special:FilePath/Praia%20Boca%20do%20Rio%20em%20Budens%2C%20Junho%202021.jpg
http://www.wikidata.org/entity/Q25418840,Praia da Boca do Rio,"praia localizada no algarve na freguesia de Budens, que foi em tempos uma importante vila romana, subsistindo desta vestígios de frescos e de mosaicos, balneários, armazéns e uma fábrica de salga e conserva de peixe",,,,Point(-8.80926 37.06619),,Vila do Bispo,http://commons.wikimedia.org/wiki/Special:FilePath/Praia%20da%20Boca%20do%20Rio%20-%20Budens%20-%202.%2028.09.2019.jpg
http://www.wikidata.org/entity/Q25418840,Praia da Boca do Rio,"praia localizada no algarve na freguesia de Budens, que foi em tempos uma importante vila romana, subsistindo desta vestígios de frescos e de mosaicos, balneários, armazéns e uma fábrica de salga e conserva de peixe",,,,Point(-8.80926 37.06619),,Vila do Bispo,http://commons.wikimedia.org/wiki/Special:FilePath/Ru%C3%ADnas%20Romanas%20da%20Boca%20do%20Rio%2011%20-%20Vila%20do%20Bispo%20-%2004-11-2019.jpg
http://www.wikidata.org/entity/Q18129063,Praia da Oura,praia localizada no município de Albufeira,,,,Point(-8.22244444 37.08525),,Albufeira,http://commons.wikimedia.org/wiki/Special:FilePath/P283%20Praia%20da%20Oura%20Albufeira%201%20May%202014.JPG
http://www.wikidata.org/entity/Q18986819,Praia do Barranco das Belharucas,,,,,Point(-8.178411111 37.089638888),,,
http://www.wikidata.org/entity/Q20053455,Complexo Balnear do Clube Naval do Funchal,,,,,Point(-16.93925 32.635333333),,,http://commons.wikimedia.org/wiki/Special:FilePath/Clube%20Naval%20do%20Funchal%2C%20Madeira%20-%206%20Aug%202012%20-%20DSC04204.JPG
http://www.wikidata.org/entity/Q20058875,Praia dos Beijinhos,"Praia no município de Lagoa, Algarve, Portugal.",,,,Point(-8.374444 37.100861),,,http://commons.wikimedia.org/wiki/Special:FilePath/Praia%20dos%20Beijinhos%20from%20boat.jpg
http://www.wikidata.org/entity/Q20059078,Meia Praia,,,,,Point(-8.655833 37.1125),,Lagos,
http://www.wikidata.org/entity/Q20059264,Praia da Saúde,Praia Urbana de Setúbal,,,,Point(-8.90609 38.51676),,Setúbal,http://commons.wikimedia.org/wiki/Special:FilePath/Playa%20de%20Set%C3%BAbal%2C%20Portugal%2C%202012-08-17%2C%20DD%2001.JPG
http://www.wikidata.org/entity/Q20059264,Praia da Saúde,Praia Urbana de Setúbal,,,,Point(-8.90609 38.51676),,Setúbal,http://commons.wikimedia.org/wiki/Special:FilePath/Praia%20da%20Sa%C3%BAde%2C%20Set%C3%BAbal%2C%20Portugal.jpg
http://www.wikidata.org/entity/Q20059280,Praia do Salto,,,,,Point(-8.79466 37.86015),,,http://commons.wikimedia.org/wiki/Special:FilePath/Q20059280.jpg
http://www.wikidata.org/entity/Q20059448,Praia de São Torpes,,,,,Point(-8.80619 37.92265),,,http://commons.wikimedia.org/wiki/Special:FilePath/No%20alentejo%20by%20senalbuquerque.jpg
http://www.wikidata.org/entity/Q20061515,Praia do Tonel,,,,,Point(-8.94796 37.00578),,Sagres,http://commons.wikimedia.org/wiki/Special:FilePath/Strand%20Praia%20do%20Tonel%204.jpg
http://www.wikidata.org/entity/Q20061734,Praia do Zavial,,,,,Point(-8.87048 37.04554),,,
http://www.wikidata.org/entity/Q20311183,Q20311183,,,,,Point(-8.23716667 37.08408333),,,http://commons.wikimedia.org/wiki/Special:FilePath/Praia%20dos%20Alem%C3%A3es%20Albufeira%205%20March%202015%20%281%29.JPG
http://www.wikidata.org/entity/Q20311600,Q20311600,,,,,Point(-8.23138889 37.08369444),,,http://commons.wikimedia.org/wiki/Special:FilePath/Praia%20dos%20Aveiros%205%20March%202015%20%285%29.JPG
http://www.wikidata.org/entity/Q20850788,Q20850788,,,,,Point(-8.769929 40.561094),,Aveiro,http://commons.wikimedia.org/wiki/Special:FilePath/Praia-da-Vagueira.jpg
http://www.wikidata.org/entity/Q20974193,Q20974193,,,,,Point(-8.24352778 37.08552778),,,http://commons.wikimedia.org/wiki/Special:FilePath/Albufeira%20%28Portugal%29%20%289953023346%29.jpg
http://www.wikidata.org/entity/Q49322998,Q49322998,,,,,Point(-8.81035 38.39381),,,http://commons.wikimedia.org/wiki/Special:FilePath/Praia%20da%20Comporta%20-%20Portugal%20%2849800392663%29.jpg
http://www.wikidata.org/entity/Q48873175,Praia da Azarujinha,,,,,Point(-9.38923 38.70065),,Lisboa,http://commons.wikimedia.org/wiki/Special:FilePath/Praia%20da%20Azarujinha%2C%20novembro%202017.jpg
http://www.wikidata.org/entity/Q48873221,Praia da Poça,praia de Portugal,,,,Point(-9.39216 38.70204),São João do Estoril,Cascais e Estoril,http://commons.wikimedia.org/wiki/Special:FilePath/Warm%20day%20in%20Estoril%20%2814037402471%29.jpg
http://www.wikidata.org/entity/Q48873277,Praia do Tamariz,,,,,Point(-9.40016 38.70264),,,http://commons.wikimedia.org/wiki/Special:FilePath/Costa%20do%20Estoril%20ao%C3%BBt%202017%2080%20%2836808840222%29.jpg
http://www.wikidata.org/entity/Q49321274,Q49321274,,,,,Point(-7.975555555 36.995),,Faro,
http://www.wikidata.org/entity/Q116739957,Praia Internacional,"praia no Porto, Portugal",,,,Point(-8.688888888 41.171111111),Nevogilde,"Aldoar, Foz do Douro e Nevogilde",http://commons.wikimedia.org/wiki/Special:FilePath/Menino%20faz%20surf.JPG
http://www.wikidata.org/entity/Q116740165,Praia do Aquário,"praia no Porto, Portugal",,,,Point(-8.686337 41.163304),Nevogilde,"Aldoar, Foz do Douro e Nevogilde",http://commons.wikimedia.org/wiki/Special:FilePath/Praia%20do%20Aqu%C3%A1rio%20-%20Porto%20-%20Portugal%20%286893461590%29.jpg
http://www.wikidata.org/entity/Q49388792,Q49388792,,,,,Point(-8.91545 38.51087),,,
http://www.wikidata.org/entity/Q52063350,Praia das Pastoras,"praia no Porto, Portugal",,,,Point(-8.674976 41.14747),Foz do Douro,"Aldoar, Foz do Douro e Nevogilde",http://commons.wikimedia.org/wiki/Special:FilePath/Porto%20-%20panoramio%20%2886%29.jpg
http://www.wikidata.org/entity/Q56348641,Praia de Algés,"praia em Algés, Portugal",,,,Point(-9.23106 38.69585),,,http://commons.wikimedia.org/wiki/Special:FilePath/Praia%20de%20Alg%C3%A9s.%2006-19.jpg
http://www.wikidata.org/entity/Q62126041,Praia de Galápos,"praia na Serra da Arrábida, Setúbal, Portugal",,,,Point(-8.964166666 38.484444444),,Setúbal,
http://www.wikidata.org/entity/Q62513087,Praia do Creiro,"praia na Serra da Arrábida, Setúbal, Portugal",,,,Point(-8.97823 38.47987),,Setúbal,http://commons.wikimedia.org/wiki/Special:FilePath/PRAIA%20NA%20BAIA%20DO%20PORTINHO%20DA%20ARRABIDA.jpg
http://www.wikidata.org/entity/Q62565619,Praia de Alpertuche,"praia na Serra da Arrábida, Setúbal, Portugal",,,,Point(-8.990457 38.467144),Parque Natural da Arrábida,Setúbal,
http://www.wikidata.org/entity/Q64217413,Praia do Dafundo,"praia em Oeiras, Portugal",,,,Point(-9.23957 38.69796),,"Algés, Linda-a-Velha e Cruz Quebrada-Dafundo",http://commons.wikimedia.org/wiki/Special:FilePath/Praia%20do%20Dafundo.%2006-18.jpg
http://www.wikidata.org/entity/Q64382619,Praia das Fontainhas,"praia em Paço de Arcos, Portugal",,,,Point(-9.3016 38.6871),,"Oeiras e São Julião da Barra, Paço de Arcos e Caxias",http://commons.wikimedia.org/wiki/Special:FilePath/Litoral%20entre%20as%20praias%20de%20Pa%C3%A7o%20de%20Arcos%20e%20Oeiras%20%28Portugal%29%20%2880904913%29.jpg
http://www.wikidata.org/entity/Q65558497,Praia do Monte Branco,"praia na Serra da Arrábida, Setúbal, Portugal",,,,Point(-8.972505 38.480427),Serra da Arrábida,Setúbal,
http://www.wikidata.org/entity/Q65560271,Praia da Rasca,"praia na Serra da Arrábida, Setúbal, Portugal",,,,Point(-8.927386 38.504087),Serra da Arrábida,Setúbal,
http://www.wikidata.org/entity/Q65619749,Praia do Outão,"praia na Serra da Arrábida, Setúbal, Portugal",,,,Point(-8.934815 38.488274),Serra da Arrábida,Setúbal,
http://www.wikidata.org/entity/Q65620339,Praia dos Pilotos,"praia na Serra da Arrábida, Setúbal, Portugal",,,,Point(-8.984313 38.472951),Serra da Arrábida,Setúbal,
http://www.wikidata.org/entity/Q65665648,Praia da Samarra,"praia em Sintra, Portugal",,,,Point(-9.435032 38.896887),,São João das Lampas e Terrugem,http://commons.wikimedia.org/wiki/Special:FilePath/Praia%20da%20Samarra%2004.jpg
http://www.wikidata.org/entity/Q65769818,Praia de São Bernardino,Praia em São Bernardino (Peniche),,,,Point(-9.346782 39.311116),,Atouguia da Baleia,http://commons.wikimedia.org/wiki/Special:FilePath/Praia%20de%20S%C3%A3o%20Bernardino%20-%20Portugal%20%28Peniche%29%2001.jpg
http://www.wikidata.org/entity/Q65769878,Praia dos Frades,Praia em São Bernardino (Peniche),,,,Point(-9.345545 39.306755),,Atouguia da Baleia,http://commons.wikimedia.org/wiki/Special:FilePath/Praia%20dos%20Frades%20%28S%C3%A3o%20Bernardino%29.jpg
http://www.wikidata.org/entity/Q66305449,Praia de Alburrica,praia em Barreiro,,,,Point(-9.082761 38.655548),,,http://commons.wikimedia.org/wiki/Special:FilePath/Alburrica%20-%20Barreiro%20-%20Portugal%20%2836671222763%29.jpg
http://www.wikidata.org/entity/Q99534449,Praia da Califórnia,"Praia em Sesimbra, Portugal",,,,Point(-9.09534541 38.441701358),Sesimbra,Santiago,http://commons.wikimedia.org/wiki/Special:FilePath/Sesimbra%20-%20Portugal%20%2850956102918%29.jpg
http://www.wikidata.org/entity/Q99534461,Praia do Ouro,"Praia em Sesimbra, Portugal",,,,Point(-9.107570431 38.442886973),Sesimbra,Santiago,http://commons.wikimedia.org/wiki/Special:FilePath/Sesimbra%20-%20Portugal%20%2849500756742%29.jpg
http://www.wikidata.org/entity/Q99614119,Q99614119,,,,,Point(-8.794255256 37.858964126),,,http://commons.wikimedia.org/wiki/Special:FilePath/Praia%20da%20Cerca%20Nova.jpg
http://www.wikidata.org/entity/Q99614657,Q99614657,,,,,Point(-8.795499801 37.8533055),,Porto Covo,http://commons.wikimedia.org/wiki/Special:FilePath/Praia%20do%20Banho%20-%20Portugal%20%286539053539%29.jpg
http://www.wikidata.org/entity/Q99614690,Q99614690,,,,,Point(-8.794620037 37.854982802),,,http://commons.wikimedia.org/wiki/Special:FilePath/Porto%20covo.jpg
http://www.wikidata.org/entity/Q99614722,Q99614722,,,,,Point(-8.793997764 37.856998904),,,http://commons.wikimedia.org/wiki/Special:FilePath/Praia%20Grande%20-%20Portugal%20%282488195107%29.jpg
http://www.wikidata.org/entity/Q99614755,Q99614755,,,,,Point(-8.795671463 37.849594967),,Porto Covo,http://commons.wikimedia.org/wiki/Special:FilePath/Praia%20de%20Buizinhos%20-%20Portugal%20%285020571986%29.jpg
http://www.wikidata.org/entity/Q99614769,Q99614769,,,,,Point(-8.792105587 37.849693548),,Porto Covo,http://commons.wikimedia.org/wiki/Special:FilePath/Porto%20Covo%20June%202009-3a.jpg
http://www.wikidata.org/entity/Q107426468,Praia de Troia Mar,,,,,Point(-8.907458 38.4912),,Carvalhal,
http://www.wikidata.org/entity/Q107428786,Praia de Tróia-Galé,,,,,Point(-8.900171 38.479828),,Carvalhal,
http://www.wikidata.org/entity/Q107429548,Praia do Bico das Lulas,,,,,Point(-8.907478 38.486077),,Carvalhal,
http://www.wikidata.org/entity/Q107561131,Zimbralinho,"geosítio no Porto Santo, Madeira, Portugal",,,,Point(-16.387583333 33.032855555),Madeira,Porto Santo,http://commons.wikimedia.org/wiki/Special:FilePath/Columnar-jointed%20Lava%20on%20Porto%20Santo%20island%20Madeira%20-%20Panoramio%2066225306.jpg
http://www.wikidata.org/entity/Q107996612,Praia dos Penedos,"Praia na Serra do Risco, Sesimbra, Portugal",,,,Point(-9.04267 38.44681),,Sesimbra,
http://www.wikidata.org/entity/Q107996677,Praia da Cova,"praia na Serra do Risco, Sesimbra, Portugal",,,,Point(-9.05902 38.44063),,Sesimbra,
http://www.wikidata.org/entity/Q109400917,Praia de Alfarim,"Praia em Sesimbra, Portugal",,,,Point(-9.183027777 38.492361111),,Sesimbra,http://commons.wikimedia.org/wiki/Special:FilePath/Praia%20de%20Alfarim%20-%20Portugal%20%2850093431996%29.jpg
http://www.wikidata.org/entity/Q109412112,Praia de Sesimbra,"Praia em Sesimbra, Portugal (Ouro + Califórnia)",,,,Point(-9.101277777 38.442583333),Sesimbra,Sesimbra,http://commons.wikimedia.org/wiki/Special:FilePath/Vista%20de%20Sesimbra%20-%20vila%20-%20praia%20-%20fortaleza.JPG
http://www.wikidata.org/entity/Q109414153,Praia da Foz,"Praia em Sesimbra, Portugal",,,,Point(-9.198583333 38.453722222),Sesimbra,Sesimbra,http://commons.wikimedia.org/wiki/Special:FilePath/Praia%20da%20Foz%20-%20Portugal%20%2847617639251%29.jpg
http://www.wikidata.org/entity/Q109414618,Praia da Tramagueira,"Praia em Sesimbra, Portugal",,,,Point(-9.185333333 38.483972222),Sesimbra,Sesimbra,http://commons.wikimedia.org/wiki/Special:FilePath/Praia%20da%20Tramagueira%20-%20Portugal%20%28388432282%29.jpg
http://www.wikidata.org/entity/Q109415166,Praia do Rebenta Bois,"Praia em Sesimbra, Portugal",,,,Point(-9.201277777 38.451083333),Sesimbra,Sesimbra,http://commons.wikimedia.org/wiki/Special:FilePath/Praia%20do%20Rebenta%20Bois%20-%20Portugal%20%2849800985191%29.jpg
http://www.wikidata.org/entity/Q110470990,Praia de Porto de Mós,,,,,Point(-8.688111 37.0852694),,Lagos,http://commons.wikimedia.org/wiki/Special:FilePath/Praia%20de%20Porto%20de%20M%C3%B3s%20-%20Portugal%20%289510919599%29.jpg
http://www.wikidata.org/entity/Q111631939,Praia Velha,praia em Paço de Arcos,,,,Point(-9.291360686 38.693016177),,"Oeiras e São Julião da Barra, Paço de Arcos e Caxias",http://commons.wikimedia.org/wiki/Special:FilePath/Praia%20Velha%20Pa%C3%A7o%20de%20Arcos%2000.jpg
http://www.wikidata.org/entity/Q111653821,Clube de Turismo da Madeira,"clube e praia privada no Funchal, Madeira",,,,Point(-16.928983683 32.637458275),,São Martinho,http://commons.wikimedia.org/wiki/Special:FilePath/Clube%20de%20Turismo%20da%20Madeira%2C%20Funchal%20-%202020%20-%20Image%20208557.jpg
